{"cameraMode":{"drawMode":0,"name":"Shaded","section":"Shading Mode"},"sceneLighting":true,"audioPlay":false,"sceneViewState":{"showFog":true,"showMaterialUpdate":false,"showSkybox":true,"showFlares":true,"showImageEffects":true,"showParticleSystems":true},"in2DMode":false,"pivot":{"x":-3.48392391204834,"y":9.99488639831543,"z":3.97540283203125},"rotation":{"x":-0.04512491822242737,"y":-0.08620686084032059,"z":0.003909160848706961,"w":-0.995252788066864},"size":20.610877990722658,"orthographic":false}