{"cameraMode":{"drawMode":0,"name":"Shaded","section":"Shading Mode"},"sceneLighting":true,"audioPlay":false,"sceneViewState":{"showFog":true,"showMaterialUpdate":false,"showSkybox":true,"showFlares":true,"showImageEffects":true,"showParticleSystems":true},"in2DMode":false,"pivot":{"x":0.08999991416931153,"y":0.2700004577636719,"z":-1.850000023841858},"rotation":{"x":-0.24519935250282288,"y":0.02529830113053322,"z":-0.006396908313035965,"w":-0.9691300988197327},"size":11.594656944274903,"orthographic":false}