{"cameraMode":{"drawMode":0,"name":"Shaded","section":"Shading Mode"},"sceneLighting":true,"audioPlay":false,"sceneViewState":{"showFog":true,"showMaterialUpdate":false,"showSkybox":true,"showFlares":true,"showImageEffects":true,"showParticleSystems":true},"in2DMode":false,"pivot":{"x":2.7531380653381349,"y":47.99480438232422,"z":-0.612396240234375},"rotation":{"x":-0.14969810843467713,"y":-0.02461942657828331,"z":0.003728756681084633,"w":-0.9884197115898132},"size":7.553121089935303,"orthographic":false}